City_ID,City,Country,Date,Lat,Lng,Max Temp,Humidity,Cloudiness,Wind Speed
0,Ushuaia,AR,2021-10-21 16:36:55,-54.8,-68.3,53.22,61,75,36.82
1,Morro Bay,US,2021-10-21 16:41:23,35.3658,-120.8499,69.15,90,100,3.0
2,Derbent,RU,2021-10-21 16:41:23,42.0678,48.2899,51.76,77,4,8.77
3,Margate,GB,2021-10-21 16:38:05,51.3813,1.3862,50.97,61,31,1.99
4,La Ronge,CA,2021-10-21 16:41:24,55.1001,-105.2842,37.65,70,20,8.05
5,Saskylakh,RU,2021-10-21 16:41:25,71.9167,114.0833,9.81,96,99,5.77
6,Namibe,AO,2021-10-21 16:41:25,-15.1961,12.1522,68.34,77,7,11.83
7,Vila Franca Do Campo,PT,2021-10-21 16:41:26,37.7167,-25.4333,70.21,65,72,3.49
8,Saint George,US,2021-10-21 16:41:26,37.1041,-113.5841,72.36,44,1,0.0
9,New Norfolk,AU,2021-10-21 16:41:26,-42.7826,147.0587,58.5,98,99,2.75
10,Butaritari,KI,2021-10-21 16:41:27,3.0707,172.7902,81.81,79,63,14.7
11,Kapaa,US,2021-10-21 16:41:28,22.0752,-159.319,71.58,100,90,9.22
12,Nabire,ID,2021-10-21 16:41:28,-3.3667,135.4833,74.64,93,100,3.65
13,Miri,MY,2021-10-21 16:41:28,4.4148,114.0089,75.34,100,40,3.44
14,Bom Jardim,BR,2021-10-21 16:41:29,-7.7958,-35.5872,89.94,51,100,10.47
15,Salalah,OM,2021-10-21 16:41:29,17.0151,54.0924,80.69,69,40,5.75
16,Gizo,SB,2021-10-21 16:41:30,-8.103,156.8419,81.16,74,97,2.35
17,Oriximina,BR,2021-10-21 16:41:30,-1.7656,-55.8661,88.2,55,86,6.71
18,Port Alfred,ZA,2021-10-21 16:41:31,-33.5906,26.891,70.54,76,56,12.64
19,Hermanus,ZA,2021-10-21 16:37:13,-34.4187,19.2345,63.9,77,72,4.03
20,Richards Bay,ZA,2021-10-21 16:41:32,-28.783,32.0377,69.06,79,46,15.48
21,Rikitea,PF,2021-10-21 16:41:32,-23.1203,-134.9692,74.39,74,100,20.0
22,Busselton,AU,2021-10-21 16:41:32,-33.65,115.3333,52.09,86,44,6.06
23,Lebu,CL,2021-10-21 16:41:33,-37.6167,-73.65,55.35,72,63,16.93
24,Mahebourg,MU,2021-10-21 16:41:33,-20.4081,57.7,73.26,94,75,3.44
25,Walvis Bay,NA,2021-10-21 16:41:34,-22.9575,14.5053,67.15,55,17,8.05
26,Mastic Beach,US,2021-10-21 16:37:46,40.7668,-72.8521,75.45,66,1,1.01
27,Brae,GB,2021-10-21 16:41:35,60.3964,-1.353,44.51,68,100,22.93
28,Ponta Do Sol,PT,2021-10-21 16:41:35,32.6667,-17.1,75.13,45,18,4.7
29,Isangel,VU,2021-10-21 16:41:36,-19.55,169.2667,73.56,84,100,8.12
30,Chapais,CA,2021-10-21 16:40:26,49.7834,-74.8492,35.38,70,100,2.95
31,Puerto Ayora,EC,2021-10-21 16:41:37,-0.7393,-90.3518,76.96,79,70,11.68
32,Kholmogory,RU,2021-10-21 16:41:37,64.2229,41.656,32.11,97,100,5.77
33,Plainview,US,2021-10-21 16:41:37,40.7765,-73.4673,76.33,52,1,1.01
34,Port Elizabeth,ZA,2021-10-21 16:41:38,-33.918,25.5701,69.1,82,0,13.8
35,Severo-Kurilsk,RU,2021-10-21 16:41:38,50.6789,156.125,36.7,71,93,7.76
36,Tuktoyaktuk,CA,2021-10-21 16:41:39,69.4541,-133.0374,26.6,100,75,6.91
37,Dogondoutchi,NE,2021-10-21 16:41:39,13.6393,4.0287,97.72,25,16,5.61
38,Honiara,SB,2021-10-21 16:41:40,-9.4333,159.95,77.36,86,100,2.39
39,Marystown,CA,2021-10-21 16:41:40,47.1666,-55.1483,53.85,100,67,15.01
40,Hermon,US,2021-10-21 16:41:41,44.8101,-68.9134,65.39,77,75,6.91
41,Berlevag,NO,2021-10-21 16:40:27,70.8578,29.0864,35.6,86,90,21.85
42,Ayan,RU,2021-10-21 16:41:41,56.45,138.1667,35.53,61,93,13.47
43,Baker City,US,2021-10-21 16:41:42,44.7749,-117.8344,58.59,60,1,11.5
44,Saint-Philippe,RE,2021-10-21 16:37:21,-21.3585,55.7679,74.79,77,41,5.66
45,Los Llanos De Aridane,ES,2021-10-21 16:41:43,28.6585,-17.9182,73.15,69,17,13.8
46,Fairbanks,US,2021-10-21 16:39:28,64.8378,-147.7164,31.23,84,75,0.0
47,Prykolotne,UA,2021-10-21 16:41:44,50.1604,37.3474,54.68,58,100,20.15
48,Olafsvik,IS,2021-10-21 16:41:44,64.8945,-23.7142,41.81,61,43,12.57
49,Hwange,ZW,2021-10-21 16:41:45,-18.3693,26.5019,81.25,33,93,5.1
50,Mataura,NZ,2021-10-21 16:41:45,-46.1927,168.8643,34.81,99,14,3.09
51,San Patricio,US,2021-10-21 16:41:46,28.017,-97.5169,83.12,58,35,4.9
52,Shalakusha,RU,2021-10-21 16:41:46,62.2247,40.2539,44.26,94,100,9.31
53,Sicuani,PE,2021-10-21 16:41:47,-14.2694,-71.2261,67.44,26,34,8.79
54,Qaanaaq,GL,2021-10-21 16:41:47,77.484,-69.3632,2.57,78,18,7.61
55,Mahajanga,MG,2021-10-21 16:41:47,-15.7167,46.3167,78.82,83,20,13.8
56,Sao Filipe,CV,2021-10-21 16:41:48,14.8961,-24.4956,82.9,62,62,7.18
57,Seoul,KR,2021-10-21 16:38:05,37.5683,126.9778,47.64,84,0,2.3
58,Guerrero Negro,MX,2021-10-21 16:41:49,27.9769,-114.0611,71.22,69,2,7.11
59,Hobart,AU,2021-10-21 16:40:20,-42.8794,147.3294,58.86,82,40,6.91
60,Trinidad,BO,2021-10-21 16:41:49,-14.8333,-64.9,94.98,43,40,8.05
61,Tasiilaq,GL,2021-10-21 16:37:18,65.6145,-37.6368,42.96,72,39,7.49
62,Rio Gallegos,AR,2021-10-21 16:41:50,-51.6226,-69.2181,59.05,25,40,29.93
63,Barrow,US,2021-10-21 16:41:50,71.2906,-156.7887,28.42,86,90,13.8
64,Dikson,RU,2021-10-21 16:41:51,73.5069,80.5464,22.77,71,95,8.9
65,Raalte,NL,2021-10-21 16:41:51,52.3858,6.275,49.91,77,58,14.32
66,Arraial Do Cabo,BR,2021-10-21 16:41:52,-22.9661,-42.0278,71.56,64,75,6.91
67,Ahipara,NZ,2021-10-21 16:41:52,-35.1667,173.1667,59.97,95,100,8.7
68,Axim,GH,2021-10-21 16:41:53,4.8699,-2.2405,79.11,82,100,8.28
69,Hilo,US,2021-10-21 16:41:53,19.7297,-155.09,73.27,79,1,5.75
70,Singaparna,ID,2021-10-21 16:41:54,-7.3515,108.111,71.8,97,99,1.45
71,Hithadhoo,MV,2021-10-21 16:38:29,-0.6,73.0833,82.06,74,52,9.26
72,Valdivia,CL,2021-10-21 16:41:54,-39.8142,-73.2459,55.49,73,99,2.08
73,Geraldton,AU,2021-10-21 16:41:55,-28.7667,114.6,55.81,88,75,4.61
74,Punta Arenas,CL,2021-10-21 16:41:55,-53.15,-70.9167,51.91,46,40,27.63
75,San Policarpo,PH,2021-10-21 16:41:56,12.1791,125.5072,80.71,83,100,7.36
76,Provideniya,RU,2021-10-21 16:41:56,64.3833,-173.3,20.3,89,38,6.13
77,Nanortalik,GL,2021-10-21 16:41:56,60.1432,-45.2371,41.31,35,96,6.33
78,Yershov,RU,2021-10-21 16:41:57,51.3513,48.2766,48.43,67,100,20.85
79,Nimes,FR,2021-10-21 16:41:57,43.8333,4.35,68.41,49,0,2.3
80,Narsaq,GL,2021-10-21 16:41:58,60.9167,-46.05,32.22,35,98,2.62
81,Bud,US,2021-10-21 16:41:58,39.447,-86.1758,65.41,58,27,17.16
82,Keti Bandar,PK,2021-10-21 16:41:59,24.1447,67.4497,79.47,63,1,13.89
83,Vostok,RU,2021-10-21 16:41:59,46.4856,135.8833,21.45,84,70,4.99
84,Cape Town,ZA,2021-10-21 16:38:21,-33.9258,18.4232,65.1,72,20,7.0
85,Rocha,UY,2021-10-21 16:42:00,-34.4833,-54.3333,71.13,48,0,3.15
86,Dongsheng,CN,2021-10-21 16:42:00,39.8161,109.9776,36.52,35,0,6.89
87,Cockburn Town,TC,2021-10-21 16:42:01,21.4612,-71.1419,82.29,77,15,16.69
88,Ransang,PH,2021-10-21 16:42:02,8.9603,117.5828,79.16,84,77,3.11
89,Iwanai,JP,2021-10-21 16:42:03,42.9744,140.5089,41.16,90,88,2.39
90,Biak,ID,2021-10-21 16:42:03,-0.9131,122.8766,76.46,83,81,0.87
91,Avarua,CK,2021-10-21 16:42:04,-21.2078,-159.775,71.65,73,75,9.22
92,Srednekolymsk,RU,2021-10-21 16:42:04,67.45,153.6833,-11.49,99,71,1.97
93,Kolpashevo,RU,2021-10-21 16:42:05,58.3131,82.9089,43.16,75,100,6.58
94,Longyearbyen,SJ,2021-10-21 16:42:05,78.2186,15.6401,13.84,67,40,9.22
95,Nikolskoye,RU,2021-10-21 16:39:48,59.7035,30.7861,53.87,89,98,10.33
96,Sitka,US,2021-10-21 16:39:08,57.0531,-135.33,46.29,87,40,8.05
97,Tuatapere,NZ,2021-10-21 16:42:06,-46.1333,167.6833,38.12,92,9,4.16
98,Skjervoy,NO,2021-10-21 16:42:07,70.0311,20.9714,37.58,70,100,18.97
99,Buin,CL,2021-10-21 16:42:07,-33.7333,-70.75,66.7,30,0,8.7
100,Jamestown,US,2021-10-21 16:40:02,42.097,-79.2353,69.03,65,1,5.01
101,Najran,SA,2021-10-21 16:42:08,17.4924,44.1277,81.25,18,23,6.82
102,Bredasdorp,ZA,2021-10-21 16:42:08,-34.5322,20.0403,63.72,72,75,2.3
103,Caravelas,BR,2021-10-21 16:42:08,-17.7125,-39.2481,74.79,90,92,10.54
104,Okha,RU,2021-10-21 16:42:09,53.5739,142.9478,31.68,88,100,10.04
105,Mar Del Plata,AR,2021-10-21 16:42:09,-38.0023,-57.5575,77.02,90,0,17.0
106,Seymchan,RU,2021-10-21 16:42:10,62.8833,152.4333,-4.05,72,21,3.22
107,Lompoc,US,2021-10-21 16:38:08,34.6391,-120.4579,65.84,76,1,0.0
108,Cayenne,GF,2021-10-21 16:37:22,4.9333,-52.3333,86.04,81,40,5.01
109,Cabo San Lucas,MX,2021-10-21 16:37:21,22.8909,-109.9124,84.51,74,20,0.0
110,Norman Wells,CA,2021-10-21 16:42:11,65.282,-126.8329,30.24,86,20,5.75
111,Victoria,HK,2021-10-21 16:38:06,22.2855,114.1577,68.25,78,100,1.01
112,Makakilo City,US,2021-10-21 16:42:11,21.3469,-158.0858,71.92,80,75,4.61
113,Atuona,PF,2021-10-21 16:42:12,-9.8,-139.0333,77.54,79,9,21.45
114,Oranjemund,NA,2021-10-21 16:42:12,-28.55,16.4333,58.41,85,67,12.53
115,Wuda,CN,2021-10-21 16:42:13,39.4994,106.7117,44.22,28,11,6.29
116,Kisangani,CD,2021-10-21 16:42:13,0.5167,25.2,70.36,99,100,1.7
117,Ilulissat,GL,2021-10-21 16:42:14,69.2167,-51.1,28.42,80,75,4.61
118,San Quintin,MX,2021-10-21 16:42:14,30.4833,-115.95,69.44,61,2,5.66
119,Northam,GB,2021-10-21 16:42:15,51.0333,-4.2167,53.22,73,16,12.88
120,Upernavik,GL,2021-10-21 16:38:35,72.7868,-56.1549,21.34,80,65,13.62
121,Cherskiy,RU,2021-10-21 16:42:16,68.75,161.3,4.14,97,99,5.64
122,Praia Da Vitoria,PT,2021-10-21 16:42:16,38.7333,-27.0667,75.45,64,20,7.18
123,Thompson,CA,2021-10-21 16:42:17,55.7435,-97.8558,28.56,86,90,8.05
124,Boddam,GB,2021-10-21 16:42:17,57.4667,-1.7833,45.39,71,100,26.06
125,Karla,EE,2021-10-21 16:42:17,59.3723,24.9275,53.15,85,90,10.36
126,Shahr-E Babak,IR,2021-10-21 16:42:18,30.1165,55.1186,58.57,35,0,15.05
127,Bralostita,RO,2021-10-21 16:42:18,44.5,23.5167,61.32,69,13,2.86
128,Georgetown,MY,2021-10-21 16:41:14,5.4112,100.3354,80.89,84,20,0.0
129,Albany,US,2021-10-21 16:37:29,42.6001,-73.9662,72.81,63,60,1.99
130,Panukulan,PH,2021-10-21 16:42:19,14.9333,121.8144,83.39,75,96,9.13
131,Kenai,US,2021-10-21 16:42:20,60.5544,-151.2583,39.09,96,90,6.91
132,Aksu,CN,2021-10-21 16:42:20,41.1231,80.2644,53.15,28,47,1.99
133,Boysun,UZ,2021-10-21 16:42:21,38.2061,67.1986,50.04,61,96,9.31
134,Lazurne,UA,2021-10-21 16:42:21,46.084,32.5295,56.01,81,9,22.59
135,Bethel,US,2021-10-21 16:38:53,41.3712,-73.414,74.01,59,1,9.22
136,Port Lincoln,AU,2021-10-21 16:42:22,-34.7333,135.8667,57.34,85,67,2.13
137,Ribeira Grande,PT,2021-10-21 16:42:22,38.5167,-28.7,72.0,64,75,2.3
138,Qeshm,IR,2021-10-21 16:42:08,26.9581,56.2719,85.89,76,0,6.87
139,Chokurdakh,RU,2021-10-21 16:41:57,70.6333,147.9167,-16.29,96,82,3.76
140,Wote,KE,2021-10-21 16:42:23,-1.7808,37.6288,73.94,57,99,8.52
141,Puerto Baquerizo Moreno,EC,2021-10-21 16:42:23,-0.9,-89.6,74.39,73,75,13.8
142,Asau,RO,2021-10-21 16:42:24,46.4333,26.4,61.72,54,71,6.08
143,Cidreira,BR,2021-10-21 16:42:24,-30.1811,-50.2056,68.95,65,61,13.73
144,Waipawa,NZ,2021-10-21 16:42:25,-41.4122,175.5153,47.03,82,99,5.26
145,Chicama,PE,2021-10-21 16:42:25,-7.8447,-79.1469,61.34,58,31,10.38
146,Bundaberg,AU,2021-10-21 16:42:26,-24.85,152.35,73.69,83,90,6.91
147,Leshukonskoye,RU,2021-10-21 16:42:27,64.8989,45.7622,29.07,96,97,4.59
148,Vaini,TO,2021-10-21 16:42:27,-21.2,-175.2,73.56,88,20,6.91
149,Makinsk,KZ,2021-10-21 16:42:27,52.6292,70.4169,32.45,83,69,17.31
150,Carnarvon,AU,2021-10-21 16:38:39,-24.8667,113.6333,66.27,77,0,20.71
151,Kainan,JP,2021-10-21 16:42:28,34.15,135.2,59.04,64,99,6.53
152,Bengkulu,ID,2021-10-21 16:42:28,-3.8004,102.2655,75.25,93,99,3.71
153,Cedar City,US,2021-10-21 16:42:29,37.6775,-113.0619,58.39,65,1,4.61
154,Talnakh,RU,2021-10-21 16:42:29,69.4865,88.3972,24.04,97,100,4.38
155,Huntsville,US,2021-10-21 16:42:30,34.7304,-86.5861,75.22,78,75,1.01
156,Airai,TL,2021-10-21 16:42:31,-8.9266,125.4092,64.04,64,81,1.16
157,Sept-Iles,CA,2021-10-21 16:39:55,50.2001,-66.3821,53.06,81,75,4.0
158,Den Helder,NL,2021-10-21 16:42:31,52.9599,4.7593,50.99,74,90,15.99
159,Goure,NE,2021-10-21 16:42:32,13.9835,10.2704,95.02,20,35,10.94
160,Dalby,AU,2021-10-21 16:42:32,-27.1833,151.2667,65.1,93,1,8.59
161,Sinegorye,RU,2021-10-21 16:42:33,62.0788,150.477,-9.98,73,15,3.56
162,Thakurgaon,BD,2021-10-21 16:42:33,26.0333,88.4667,70.74,77,6,6.76
163,Mehran,IR,2021-10-21 16:42:34,33.1222,46.1646,76.48,24,1,10.0
164,Hamilton,US,2021-10-21 16:37:53,39.1834,-84.5333,69.21,85,90,3.0
165,Jackson,US,2021-10-21 16:38:39,42.4165,-122.8345,64.45,68,20,3.44
166,Kayes,ML,2021-10-21 16:42:34,14.0,-11.0,91.49,22,84,6.26
167,Ciudad Bolivar,VE,2021-10-21 16:42:35,8.1222,-63.5497,93.6,41,70,8.08
168,Avera,US,2021-10-21 16:42:36,33.194,-82.5271,77.72,51,54,9.01
169,Te Anau,NZ,2021-10-21 16:42:36,-45.4167,167.7167,38.21,95,28,1.28
170,Tautira,PF,2021-10-21 16:42:36,-17.7333,-149.15,77.02,79,95,6.17
171,Puerto Del Rosario,ES,2021-10-21 16:42:37,28.5004,-13.8627,76.68,78,75,17.27
172,Lagunillas,VE,2021-10-21 16:42:38,10.1301,-71.2595,86.49,67,20,6.91
173,Wajima,JP,2021-10-21 16:39:07,37.4,136.9,54.66,55,94,9.15
174,Valparaiso,CL,2021-10-21 16:38:23,-33.0393,-71.6273,66.43,60,0,6.91
175,Tigil,RU,2021-10-21 16:42:39,57.8,158.6667,20.07,95,100,7.02
176,Xicotencatl,MX,2021-10-21 16:42:39,23.0167,-98.8833,85.53,67,4,3.71
177,Vila Velha,BR,2021-10-21 16:42:39,-20.3297,-40.2925,73.35,64,90,12.66
178,Ixtapa,MX,2021-10-21 16:42:35,20.7,-105.2,88.23,74,1,4.61
179,Seydi,TM,2021-10-21 16:42:40,39.4816,62.9137,46.6,31,63,10.31
180,Caibarien,CU,2021-10-21 16:42:41,22.5206,-79.4669,85.32,76,98,13.82
181,Kolyubakino,RU,2021-10-21 16:42:41,55.668,36.5323,55.29,80,100,12.48
182,Saldanha,ZA,2021-10-21 16:42:42,-33.0117,17.9442,60.85,87,100,17.05
183,Maniitsoq,GL,2021-10-21 16:42:42,65.4167,-52.9,32.67,39,78,5.1
184,Pamekasan,ID,2021-10-21 16:42:42,-7.1568,113.4746,83.17,72,100,3.13
185,Meulaboh,ID,2021-10-21 16:42:43,4.1363,96.1285,77.32,84,98,2.48
186,Faya,SA,2021-10-21 16:42:43,18.3851,42.4509,70.32,23,31,10.74
187,Manta,EC,2021-10-21 16:42:44,-0.95,-80.7333,76.78,78,90,9.22
188,Lazaro Cardenas,MX,2021-10-21 16:42:44,17.9583,-102.2,85.69,68,57,1.43
189,Bambous Virieux,MU,2021-10-21 16:42:45,-20.3428,57.7575,73.22,94,75,3.44
190,Castro,BR,2021-10-21 16:42:21,-24.7911,-50.0119,68.23,49,86,3.6
191,Egvekinot,RU,2021-10-21 16:42:45,66.3167,-179.1667,16.32,96,100,1.86
192,Shakawe,BW,2021-10-21 16:42:46,-18.3667,21.85,73.08,63,87,3.87
193,Amapa,BR,2021-10-21 16:42:47,1.0,-52.0,93.27,37,59,2.19
194,Vestmannaeyjar,IS,2021-10-21 16:42:47,63.4427,-20.2734,43.79,87,40,9.22
195,Souillac,MU,2021-10-21 16:42:47,-20.5167,57.5167,73.36,94,75,3.44
196,Diffa,NE,2021-10-21 16:42:48,13.3154,12.6113,93.11,31,43,10.78
197,Ibra,OM,2021-10-21 16:42:48,22.6906,58.5334,81.16,47,4,13.44
198,Khatanga,RU,2021-10-21 16:41:41,71.9667,102.5,6.48,97,95,5.59
199,Honningsvag,NO,2021-10-21 16:42:49,70.9821,25.9704,37.15,70,75,23.02
200,Parnarama,BR,2021-10-21 16:42:49,-5.6817,-43.0933,90.36,49,82,3.33
201,Ancud,CL,2021-10-21 16:42:29,-41.8697,-73.8203,53.13,58,11,9.98
202,Catuday,PH,2021-10-21 16:42:50,16.2923,119.8062,80.37,78,25,7.65
203,Paamiut,GL,2021-10-21 16:42:51,61.994,-49.6678,36.55,40,40,6.11
204,Sterling,US,2021-10-21 16:41:18,39.0062,-77.4286,76.77,52,20,1.99
205,Kundiawa,PG,2021-10-21 16:42:51,-6.0167,144.9667,62.76,98,99,0.6
206,Iracoubo,GF,2021-10-21 16:42:52,5.4802,-53.2011,81.34,80,100,10.33
207,Katsuura,JP,2021-10-21 16:42:52,35.1333,140.3,62.71,81,100,8.63
208,Puerto Escondido,MX,2021-10-21 16:42:53,15.85,-97.0667,83.23,78,75,5.75
209,Australind,AU,2021-10-21 16:42:53,-33.2667,115.7167,52.05,85,50,1.81
210,Ayagoz,KZ,2021-10-21 16:42:54,47.9714,80.4392,50.05,40,72,2.15
211,Okhotsk,RU,2021-10-21 16:42:55,59.3833,143.3,14.41,71,17,7.76
212,Baykit,RU,2021-10-21 16:42:55,61.67,96.37,32.59,94,66,3.38
213,Selma,US,2021-10-21 16:42:56,36.5708,-119.6121,76.84,23,86,1.34
214,East London,ZA,2021-10-21 16:42:56,-33.0153,27.9116,72.54,78,0,9.22
215,Umkomaas,ZA,2021-10-21 16:42:57,-30.2067,30.7978,71.6,91,39,16.53
216,Konevo,RU,2021-10-21 16:42:57,62.1215,39.3192,43.16,95,99,8.41
217,Coquimbo,CL,2021-10-21 16:39:33,-29.9533,-71.3436,62.33,63,0,12.66
218,Bluff,NZ,2021-10-21 16:41:40,-46.6,168.3333,40.95,86,6,5.79
219,Ormara,PK,2021-10-21 16:42:58,25.2088,64.6357,79.27,74,5,17.45
220,Kondinskoye,RU,2021-10-21 16:42:58,59.6481,67.41,29.7,89,40,5.06
221,College,US,2021-10-21 16:42:19,64.8569,-147.8028,31.21,84,75,0.0
222,Grants Pass,US,2021-10-21 16:42:34,42.439,-123.3284,65.91,84,90,0.0
223,Paris,FR,2021-10-21 16:39:52,48.8534,2.3488,54.1,82,75,7.0
224,Marzuq,YE,2021-10-21 16:42:59,14.4,46.4667,77.76,44,34,5.91
225,Choszczno,PL,2021-10-21 16:43:00,53.169,15.4205,51.42,85,81,20.94
226,Thinadhoo,MV,2021-10-21 16:43:00,0.5333,72.9333,83.16,70,66,11.18
227,Sioux Lookout,CA,2021-10-21 16:43:01,50.1001,-91.917,32.07,80,90,8.05
228,Oliver,CA,2021-10-21 16:43:02,49.1831,-119.5524,51.94,66,100,4.61
229,Kruisfontein,ZA,2021-10-21 16:43:03,-34.0033,24.7314,66.88,85,89,11.56
230,Yellowknife,CA,2021-10-21 16:41:07,62.456,-114.3525,40.41,84,75,13.8
231,Ola,RU,2021-10-21 16:43:04,59.5833,151.2833,15.55,42,19,6.51
232,Pisco,PE,2021-10-21 16:43:04,-13.7,-76.2167,66.25,72,12,9.22
233,Opunake,NZ,2021-10-21 16:43:05,-39.4556,173.8583,52.34,88,100,11.01
234,Mahibadhoo,MV,2021-10-21 16:43:05,3.7833,72.9667,82.4,70,9,8.97
235,Pevek,RU,2021-10-21 16:43:05,69.7008,170.3133,13.51,89,100,16.04
236,Buala,SB,2021-10-21 16:43:06,-8.145,159.5921,79.95,78,100,3.87
237,Otwock,PL,2021-10-21 16:43:07,52.1058,21.2613,61.07,60,100,22.95
238,Boyabat,TR,2021-10-21 16:43:07,41.4689,34.7667,57.2,47,0,0.81
239,Pangoa,PE,2021-10-21 16:43:07,-12.1167,-73.0,90.54,40,3,5.57
240,Vao,NC,2021-10-21 16:42:26,-22.6667,167.4833,71.49,80,100,15.95
241,Bryan,US,2021-10-21 16:43:08,30.6744,-96.37,84.69,65,1,6.91
242,Buyabod,PH,2021-10-21 16:43:09,13.4666,122.0526,79.29,87,78,7.29
243,Ostrovnoy,RU,2021-10-21 16:43:09,68.0531,39.5131,32.99,86,100,17.6
244,Labuhan,ID,2021-10-21 16:43:10,-6.8844,112.2051,80.65,78,97,1.32
245,Kyshtovka,RU,2021-10-21 16:43:10,56.555,76.6271,46.26,72,100,12.55
246,Russell,US,2021-10-21 16:39:40,32.3502,-85.1999,76.28,82,75,6.91
247,Kaitangata,NZ,2021-10-21 16:42:14,-46.2817,169.8464,38.7,94,17,3.36
248,Yarmouth,US,2021-10-21 16:43:11,41.7057,-70.2286,75.45,72,20,5.01
249,Potchefstroom,ZA,2021-10-21 16:41:27,-26.7167,27.1,74.8,21,100,13.18
250,Kamenka,RU,2021-10-21 16:43:12,51.3223,42.7678,54.54,59,99,18.79
251,Rio Grande,BR,2021-10-21 16:38:29,-32.035,-52.0986,71.71,67,34,11.86
252,Alpharetta,US,2021-10-21 16:43:12,34.0754,-84.2941,71.89,86,85,3.0
253,Arman,RU,2021-10-21 16:43:13,59.7,150.1667,13.12,44,24,6.82
254,Solnechnyy,RU,2021-10-21 16:43:13,50.7214,136.6319,27.59,90,100,2.44
255,Dumas,US,2021-10-21 16:43:13,35.8656,-101.9732,61.03,41,1,17.27
256,Klaksvik,FO,2021-10-21 16:42:15,62.2266,-6.589,41.92,66,96,26.11
257,Kishapu,TZ,2021-10-21 16:43:14,-3.6167,33.8667,82.11,36,87,4.68
258,Coahuayana,MX,2021-10-21 16:43:15,18.7333,-103.6833,87.28,62,99,1.88
259,Saint Anthony,US,2021-10-21 16:43:15,45.0205,-93.218,47.25,73,40,3.0
260,Le Port,RE,2021-10-21 16:43:16,-20.9373,55.2919,75.2,74,2,7.09
261,Morondava,MG,2021-10-21 16:43:16,-20.2833,44.2833,75.24,70,0,19.77
262,Krasnyy Kut,RU,2021-10-21 16:43:17,50.95,46.9667,52.77,62,100,19.95
263,Sisimiut,GL,2021-10-21 16:43:17,66.9395,-53.6735,30.51,79,46,11.79
264,Kodiak,US,2021-10-21 16:43:18,57.79,-152.4072,38.71,70,90,5.75
265,Thunder Bay,CA,2021-10-21 16:39:50,48.4001,-89.3168,43.56,64,40,11.5
266,Sorong,ID,2021-10-21 16:43:19,-0.8833,131.25,81.52,76,100,7.31
267,Chuy,UY,2021-10-21 16:43:19,-33.6971,-53.4616,68.56,48,1,7.61
268,Touros,BR,2021-10-21 16:43:19,-5.1989,-35.4608,90.5,60,44,11.9
269,Kuito,AO,2021-10-21 16:43:20,-12.3833,16.9333,66.34,75,98,3.13
270,Katherine,AU,2021-10-21 16:42:20,-14.4667,132.2667,89.92,43,33,10.36
271,Gouyave,GD,2021-10-21 16:43:21,12.1646,-61.7296,86.77,62,20,23.02
272,Samfya,ZM,2021-10-21 16:43:21,-11.3649,29.5565,82.96,31,79,1.43
273,Kavieng,PG,2021-10-21 16:43:22,-2.5744,150.7967,79.99,82,100,9.15
274,Aitape,PG,2021-10-21 16:43:22,-3.1374,142.3475,77.11,88,96,3.22
275,Lamu,KE,2021-10-21 16:43:22,-2.2717,40.902,79.02,81,10,9.42
276,Necochea,AR,2021-10-21 16:42:45,-38.5473,-58.7368,84.04,51,23,11.99
277,Taunggyi,MM,2021-10-21 16:39:19,20.7833,97.0333,61.66,98,75,3.85
278,Jitra,MY,2021-10-21 16:43:23,6.2681,100.4217,76.91,100,20,1.99
279,Menongue,AO,2021-10-21 16:43:24,-14.6585,17.691,73.0,63,80,5.44
280,Sao Joao Da Barra,BR,2021-10-21 16:43:24,-21.6403,-41.0511,71.69,75,99,7.54
281,Inirida,CO,2021-10-21 16:43:25,3.8653,-67.9239,84.09,70,98,4.14
282,Hualmay,PE,2021-10-21 16:43:25,-11.0964,-77.6139,68.68,70,65,9.93
283,Sioux City,US,2021-10-21 16:43:26,42.5,-96.4003,42.39,79,90,11.99
284,Saint-Pierre,RE,2021-10-21 16:43:26,-21.3393,55.4781,74.88,73,20,3.44
285,Maarianhamina,AX,2021-10-21 16:43:27,60.0973,19.9348,49.86,93,40,4.61
286,Agirish,RU,2021-10-21 16:43:27,61.9247,63.0231,29.73,71,69,7.14
287,Korla,CN,2021-10-21 16:39:16,41.7597,86.1469,55.92,29,88,6.33
288,Nueva Loja,EC,2021-10-21 16:43:28,0.0847,-76.8828,84.22,65,75,3.44
289,Nyazepetrovsk,RU,2021-10-21 16:43:28,56.0531,59.6028,31.26,71,100,10.49
290,Esperance,AU,2021-10-21 16:43:29,-33.8667,121.9,55.24,77,62,12.55
291,Mazamari,PE,2021-10-21 16:43:29,-11.3258,-74.5308,92.95,40,31,1.99
292,Maple Creek,CA,2021-10-21 16:43:29,49.9168,-109.4848,53.65,35,12,18.41
293,Boca Do Acre,BR,2021-10-21 16:43:30,-8.7522,-67.3978,92.77,44,100,3.65
294,Grand Gaube,MU,2021-10-21 16:43:30,-20.0064,57.6608,73.38,82,19,1.99
295,Coihaique,CL,2021-10-21 16:43:02,-45.5752,-72.0662,56.01,47,40,9.17
296,Arlit,NE,2021-10-21 16:43:31,18.7369,7.3853,95.76,10,2,7.58
297,Gwadar,PK,2021-10-21 16:43:32,25.1216,62.3254,78.91,72,0,11.27
298,Matagami,CA,2021-10-21 16:43:32,49.7502,-77.6328,33.91,93,90,4.61
299,Moree,AU,2021-10-21 16:43:32,-29.4667,149.85,57.22,88,1,11.5
300,Samarai,PG,2021-10-21 16:43:33,-10.6167,150.6667,80.17,77,20,9.6
301,Skibbereen,IE,2021-10-21 16:43:33,51.55,-9.2667,53.4,73,66,10.58
302,Filadelfia,US,2021-10-21 16:41:59,39.9523,-75.1638,77.11,51,1,5.99
303,Kharela,IN,2021-10-21 16:43:34,25.55,79.8167,74.98,55,0,8.46
304,Carutapera,BR,2021-10-21 16:43:34,-1.195,-46.02,85.05,67,84,6.73
305,Wahiawa,US,2021-10-21 16:43:35,21.5028,-158.0236,70.12,87,75,3.44
306,Clyde River,CA,2021-10-21 16:43:35,70.4692,-68.5914,28.63,80,90,11.5
307,Jacareacanga,BR,2021-10-21 16:43:36,-6.2222,-57.7528,95.14,43,94,2.71
308,Sibolga,ID,2021-10-21 16:43:36,1.7427,98.7792,77.58,85,100,2.91
309,Gao,ML,2021-10-21 16:43:37,16.6362,1.637,97.0,14,18,4.61
310,Dzilam Gonzalez,MX,2021-10-21 16:43:37,21.2833,-88.9333,84.56,66,97,3.29
311,Bhandara,IN,2021-10-21 16:43:37,21.1667,79.65,72.19,56,1,4.63
312,Alofi,NU,2021-10-21 16:42:40,-19.0595,-169.9187,69.69,78,80,4.61
313,Ust-Koksa,RU,2021-10-21 16:43:38,50.2696,85.6108,36.57,60,85,2.01
314,Aklavik,CA,2021-10-21 16:43:39,68.2191,-135.0107,30.92,85,100,5.88
315,Alta Floresta,BR,2021-10-21 16:43:39,-9.8756,-56.0861,93.99,39,66,3.85
316,Lixourion,GR,2021-10-21 16:43:39,38.2019,20.4314,68.0,77,40,0.0
317,Boyolangu,ID,2021-10-21 16:39:03,-8.1181,111.8935,76.46,89,99,3.13
318,Pokaran,IN,2021-10-21 16:43:40,26.9167,71.9167,82.38,33,0,14.61
319,Nome,US,2021-10-21 16:43:40,64.5011,-165.4064,33.87,61,90,6.91
320,Male,MV,2021-10-21 16:38:59,4.1748,73.5089,82.35,78,40,9.22
321,Khawhai,IN,2021-10-21 16:43:41,23.3667,93.1167,56.55,99,56,0.6
322,Flin Flon,CA,2021-10-21 16:43:42,54.7682,-101.865,31.84,69,75,4.61
323,Port Blair,IN,2021-10-21 16:43:43,11.6667,92.75,80.73,81,91,2.01
324,Redlands,US,2021-10-21 16:43:43,34.0556,-117.1825,80.94,25,59,2.21
325,Clovis,US,2021-10-21 16:43:44,36.8252,-119.7029,76.68,47,75,3.44
326,Iqaluit,CA,2021-10-21 16:41:59,63.7506,-68.5145,35.33,69,75,5.99
327,Uddevalla,SE,2021-10-21 16:43:07,58.3478,11.9424,50.22,56,41,4.0
328,Faanui,PF,2021-10-21 16:41:53,-16.4833,-151.75,78.26,75,4,6.33
329,Tiksi,RU,2021-10-21 16:43:45,71.6872,128.8694,14.2,94,100,13.06
330,Kropotkin,RU,2021-10-21 16:43:45,45.4375,40.5756,51.37,62,10,4.72
331,Maldonado,UY,2021-10-21 16:43:18,-34.6667,-54.9167,72.79,47,0,2.3
332,Tazovskiy,RU,2021-10-21 16:43:46,67.4667,78.7,29.01,98,100,2.59
333,Guangyuan,CN,2021-10-21 16:39:14,32.442,105.823,56.73,77,100,2.15
334,Constitucion,CL,2021-10-21 16:43:47,-35.3333,-72.4167,61.11,70,100,13.8
335,Portland,US,2021-10-21 16:40:16,45.5234,-122.6762,63.09,67,90,1.99
336,Qaqortoq,GL,2021-10-21 16:43:47,60.7167,-46.0333,32.5,36,97,4.16
337,Tagusao,PH,2021-10-21 16:43:48,9.1924,117.8141,80.15,80,82,2.08
338,Kozluk,TR,2021-10-21 16:43:48,38.1938,41.4885,59.25,28,0,3.94
339,Whyalla,AU,2021-10-21 16:43:49,-33.0333,137.5833,60.69,77,0,8.05
340,Progreso,MX,2021-10-21 16:43:49,21.2833,-89.6667,87.12,63,100,5.5
341,Nikopol,UA,2021-10-21 16:43:50,47.5712,34.3964,55.27,77,62,17.78
342,Kitimat,CA,2021-10-21 16:43:50,54.0524,-128.6534,44.98,29,100,6.02
343,Port Moresby,PG,2021-10-21 16:43:16,-9.4431,147.1797,75.81,91,18,2.95
344,Dalbandin,PK,2021-10-21 16:43:51,28.8947,64.4101,78.42,19,0,2.48
345,Kununurra,AU,2021-10-21 16:43:52,-15.7667,128.7333,82.38,83,20,6.91
346,Champerico,GT,2021-10-21 16:43:52,14.3,-91.9167,85.35,76,94,7.76
347,Torbay,CA,2021-10-21 16:43:19,47.6666,-52.7314,52.57,74,75,23.02
348,Batticaloa,LK,2021-10-21 16:43:53,7.7102,81.6924,80.94,82,52,9.98
349,Hai Duong,VN,2021-10-21 16:43:53,20.9333,106.3167,68.11,82,100,12.15
350,Vikyrovice,CZ,2021-10-21 16:43:54,49.9779,17.0123,56.84,64,88,12.97
351,Fortuna,US,2021-10-21 16:43:54,40.5982,-124.1573,68.09,70,75,7.0
352,Metro,ID,2021-10-21 16:43:55,-5.1131,105.3067,76.77,88,100,1.25
353,Llanes,ES,2021-10-21 16:43:55,43.4198,-4.7549,61.27,71,73,14.2
354,Kieta,PG,2021-10-21 16:43:55,-6.2167,155.6333,78.66,84,51,3.4
355,Wuwei,CN,2021-10-21 16:43:56,37.9281,102.6414,45.14,36,100,0.92
356,Sudak,UA,2021-10-21 16:43:57,44.85,34.9667,57.27,79,45,13.33
357,Tamandare,BR,2021-10-21 16:43:57,-8.7597,-35.1047,83.41,69,90,12.91
358,Komsomolskiy,UZ,2021-10-21 16:43:58,40.4272,71.7189,54.32,54,86,18.41
359,Virginia Beach,US,2021-10-21 16:43:58,36.8529,-75.978,78.85,51,40,10.36
360,Ossora,RU,2021-10-21 16:43:59,59.2353,163.0719,16.93,79,12,6.98
361,Nuevo Progreso,MX,2021-10-21 16:43:59,23.1667,-97.95,86.54,67,24,1.99
362,Talcahuano,CL,2021-10-21 16:40:18,-36.7167,-73.1167,62.28,67,20,9.22
363,Yuzhou,CN,2021-10-21 16:44:00,34.1628,113.4639,46.67,72,52,1.66
364,San Cristobal,VE,2021-10-21 16:44:02,7.7669,-72.225,77.18,42,27,6.35
365,Marovoay,MG,2021-10-21 16:44:02,-16.1,46.6333,78.94,68,0,7.81
366,Sosnovo-Ozerskoye,RU,2021-10-21 16:44:04,52.5249,111.5418,26.24,87,5,3.74
367,Forio,IT,2021-10-21 16:44:04,40.7342,13.8646,68.29,83,71,19.44
368,Lorengau,PG,2021-10-21 16:44:05,-2.0226,147.2712,80.46,81,100,7.67
369,Pangody,RU,2021-10-21 16:44:05,65.85,74.4859,27.66,81,18,3.04
370,Awbari,LY,2021-10-21 16:44:06,26.5921,12.7805,77.52,30,100,6.51
371,Minab,IR,2021-10-21 16:44:06,27.1467,57.0801,83.7,73,0,2.21
372,Dhidhdhoo,MV,2021-10-21 16:44:07,6.8833,73.1,81.28,78,80,10.07
373,Port Hardy,CA,2021-10-21 16:40:18,50.6996,-127.4199,53.6,82,90,35.68
374,Petropavlovsk-Kamchatskiy,RU,2021-10-21 16:44:08,53.0452,158.6483,16.39,67,0,8.95
375,Kholodnyy,RU,2021-10-21 16:44:08,62.7167,147.95,-14.12,98,52,1.12
376,Nador,MA,2021-10-21 16:44:09,35.174,-2.9287,82.47,43,20,8.05
377,Maua,BR,2021-10-21 16:44:09,-23.6678,-46.4614,71.08,76,85,8.77
378,Kaeo,NZ,2021-10-21 16:44:10,-35.1,173.7833,63.32,98,100,10.58
379,Itoman,JP,2021-10-21 16:44:10,26.1247,127.6694,70.57,96,75,16.11
380,Gorontalo,ID,2021-10-21 16:44:11,0.5412,123.0595,75.65,95,100,3.0
381,Puerto Ayacucho,VE,2021-10-21 16:44:11,5.6639,-67.6236,85.6,69,76,1.59
382,Hami,CN,2021-10-21 16:44:12,42.8,93.45,57.49,19,3,6.17
383,Myaundzha,RU,2021-10-21 16:44:12,63.0494,147.1858,-13.65,96,33,2.17
384,Canete,CL,2021-10-21 16:44:13,-37.8,-73.4,56.98,69,79,9.82
385,Banjar,ID,2021-10-21 16:44:13,-8.19,114.9675,80.46,89,86,4.79
386,Iberia,US,2021-10-21 16:44:14,29.9502,-91.7507,83.05,83,75,3.44
387,Victoria Point,AU,2021-10-21 16:44:14,-27.5833,153.3,70.18,94,46,1.01
388,Moerai,PF,2021-10-21 16:44:15,-22.4333,-151.3333,73.26,71,0,9.15
389,Beyneu,KZ,2021-10-21 16:44:15,45.3167,55.2,44.76,50,97,7.31
390,Damnagar,IN,2021-10-21 16:44:16,21.7,71.5167,78.71,54,1,8.28
391,Tucuman,AR,2021-10-21 16:42:37,-26.8241,-65.2226,82.4,32,0,4.61
392,Phalaborwa,ZA,2021-10-21 16:44:17,-23.943,31.1411,85.28,26,91,6.31
393,Tura,IN,2021-10-21 16:40:13,25.5198,90.2201,67.08,95,53,1.16
394,Pershotravneve,UA,2021-10-21 16:44:17,51.3929,28.8684,58.3,55,75,16.53
395,Abu Dhabi,AE,2021-10-21 16:40:54,24.4667,54.3667,89.71,48,0,11.5
396,Shwebo,MM,2021-10-21 16:44:18,22.5667,95.7,76.75,91,99,7.11
397,Ulladulla,AU,2021-10-21 16:44:18,-35.35,150.4667,58.87,90,99,1.07
398,Matara,LK,2021-10-21 16:44:19,5.9485,80.5353,78.78,88,51,7.47
399,Lavrentiya,RU,2021-10-21 16:43:45,65.5833,-171.0,21.09,91,92,5.26
400,Coruripe,BR,2021-10-21 16:44:19,-10.1256,-36.1756,84.51,68,85,18.05
401,Along,IN,2021-10-21 16:42:34,28.1667,94.7667,69.93,99,97,0.78
402,Bilibino,RU,2021-10-21 16:44:20,68.0546,166.4372,-1.14,99,100,2.64
403,Atemar,RU,2021-10-21 16:44:20,54.181,45.4091,50.18,79,100,17.67
404,Onega,RU,2021-10-21 16:44:21,63.9061,38.1404,42.44,100,100,8.41
405,Belmonte,BR,2021-10-21 16:44:21,-15.8631,-38.8828,80.6,85,100,4.54
406,Bonavista,CA,2021-10-21 16:44:22,48.6499,-53.1147,53.11,81,100,26.44
407,Chemax,MX,2021-10-21 16:44:22,20.65,-87.9333,78.96,87,97,3.65
408,Mayor Pablo Lagerenza,PY,2021-10-21 16:44:23,-19.9309,-60.7718,90.43,28,92,6.55
409,Ca Mau,VN,2021-10-21 16:44:23,9.1769,105.15,76.84,91,100,0.69
410,Yuli,NG,2021-10-21 16:44:24,9.6989,10.2744,83.97,55,38,3.83
411,Fillan,NO,2021-10-21 16:44:24,63.6064,8.9696,46.38,85,100,37.24
412,Nagorsk,RU,2021-10-21 16:44:25,59.3172,50.8078,35.91,98,100,10.22
413,Waddan,LY,2021-10-21 16:44:25,29.1614,16.139,76.93,34,100,9.93
414,Warri,NG,2021-10-21 16:44:26,5.5167,5.75,78.48,86,88,5.57
415,Tokonou,GN,2021-10-21 16:44:26,9.65,-9.7833,78.53,84,93,3.8
416,Mount Gambier,AU,2021-10-21 16:42:12,-37.8333,140.7667,46.31,93,90,2.3
417,Adrar,MR,2021-10-21 16:40:30,20.5022,-10.0711,85.75,10,28,15.12
418,Acapulco,MX,2021-10-21 16:41:42,16.8634,-99.8901,84.02,74,75,2.3
419,Chenzhou,CN,2021-10-21 16:44:27,25.8,113.0333,50.83,97,100,3.53
420,Saveh,IR,2021-10-21 16:44:28,35.0213,50.3566,59.94,47,9,9.26
421,Abu Samrah,SY,2021-10-21 16:44:28,35.3029,37.1841,70.14,32,0,6.67
422,Shevchenkove,UA,2021-10-21 16:44:29,49.6959,37.1735,56.98,51,100,19.33
423,Florianopolis,BR,2021-10-21 16:44:29,-27.6146,-48.5012,70.83,43,20,17.27
424,Dwarka,IN,2021-10-21 16:44:30,22.2394,68.9678,80.51,55,2,9.84
425,Bage,BR,2021-10-21 16:44:30,-31.3314,-54.1069,71.38,40,0,4.61
426,Chicaman,GT,2021-10-21 16:44:31,15.4,-90.7667,70.72,76,95,2.35
427,Pitkyaranta,RU,2021-10-21 16:44:31,61.5734,31.4792,45.52,93,29,9.86
428,Nizhniy Baskunchak,RU,2021-10-21 16:44:32,48.2198,46.8311,49.69,31,99,16.73
429,Broome,US,2021-10-21 16:44:32,42.2506,-75.833,69.01,65,1,1.99
430,Namatanai,PG,2021-10-21 16:44:33,-3.6667,152.4333,78.39,83,35,5.19
431,Dunedin,NZ,2021-10-21 16:44:33,-45.8742,170.5036,49.8,71,54,4.0
432,Puri,IN,2021-10-21 16:40:11,19.8,85.85,81.12,72,48,4.7
433,Bogandinskiy,RU,2021-10-21 16:44:34,56.8937,65.8938,28.67,86,63,6.53
434,Sobolevo,RU,2021-10-21 16:44:34,54.4299,31.8996,53.96,60,100,17.63
435,Pimenta Bueno,BR,2021-10-21 16:44:35,-11.6725,-61.1936,97.2,37,89,5.35
436,Jibuti,DJ,2021-10-21 16:44:35,11.5,42.5,81.82,48,40,10.54
437,Comodoro Rivadavia,AR,2021-10-21 16:44:36,-45.8667,-67.5,58.86,33,0,11.5
438,Codrington,AU,2021-10-21 16:44:36,-38.2667,141.9667,53.62,96,56,3.44
439,Uribia,CO,2021-10-21 16:44:37,11.7139,-72.266,91.17,50,62,19.06
440,Urumqi,CN,2021-10-21 16:44:37,43.801,87.6005,47.35,46,0,4.47
441,Banda Aceh,ID,2021-10-21 16:44:38,5.5577,95.3222,79.2,79,90,3.2
442,Merauke,ID,2021-10-21 16:44:38,-8.4667,140.3333,79.14,77,90,4.25
443,Leningradskiy,RU,2021-10-21 16:44:39,69.3833,178.4167,15.75,91,100,16.15
444,Tiarei,PF,2021-10-21 16:44:39,-17.5333,-149.3333,77.02,80,73,4.56
445,Dingle,PH,2021-10-21 16:44:39,10.9995,122.6711,76.17,92,100,5.21
446,North Platte,US,2021-10-21 16:43:39,41.1239,-100.7654,45.32,70,1,0.0
447,Maningrida,AU,2021-10-21 16:44:40,-12.0667,134.2667,80.47,74,79,7.92
448,Pandan,PH,2021-10-21 16:44:40,14.0453,124.1694,80.11,85,98,7.23
449,Dhanwar,IN,2021-10-21 16:44:41,24.4167,85.9833,69.67,72,5,4.59
450,Port Hawkesbury,CA,2021-10-21 16:44:41,45.6169,-61.3485,58.03,69,75,4.0
451,Manggar,ID,2021-10-21 16:44:42,-2.8833,108.2667,79.5,80,96,2.84
452,Esna,EG,2021-10-21 16:44:42,25.2934,32.554,84.22,23,0,17.4
453,Malatya,TR,2021-10-21 16:44:43,38.5,38.0,42.85,53,0,3.44
454,Pithapuram,IN,2021-10-21 16:44:43,17.1167,82.2667,82.72,91,38,0.89
455,Silifke,TR,2021-10-21 16:44:43,36.3778,33.9344,67.64,55,0,3.13
456,Santo Antonio Do Sudoeste,BR,2021-10-21 16:44:44,-26.0736,-53.7253,75.96,43,24,3.74
457,Praia,CV,2021-10-21 16:42:40,14.9215,-23.5087,90.14,43,0,20.71
458,Luderitz,NA,2021-10-21 16:44:45,-26.6481,15.1594,58.48,85,9,12.91
459,Luau,AO,2021-10-21 16:44:45,-10.7073,22.2247,72.54,76,94,2.48
460,Hay River,CA,2021-10-21 16:44:10,60.8156,-115.7999,37.38,70,20,6.91
461,Chor,PK,2021-10-21 16:44:46,25.5167,69.7667,81.34,54,0,17.0
462,Buenos Aires,AR,2021-10-21 16:42:14,-34.6132,-58.3772,83.01,38,3,8.93
463,Aljezur,PT,2021-10-21 16:44:47,37.3191,-8.8033,65.53,69,16,16.49
464,Monrovia,LR,2021-10-21 16:44:47,6.3005,-10.7969,78.57,78,99,9.98
465,Pacific Grove,US,2021-10-21 16:44:09,36.6177,-121.9166,65.41,90,90,1.99
466,Auki,SB,2021-10-21 16:44:48,-8.7676,160.7034,76.69,88,98,4.36
467,Bukachacha,RU,2021-10-21 16:44:49,52.9833,116.9167,30.29,77,5,1.97
468,Bougouni,ML,2021-10-21 16:44:49,11.417,-7.479,82.56,66,96,3.8
469,Hirara,JP,2021-10-21 16:44:50,24.8,125.2833,76.96,81,100,25.21
470,Saint-Augustin,CA,2021-10-21 16:44:50,51.226,-58.6502,47.57,48,76,16.58
471,Pimentel,PE,2021-10-21 16:44:51,-6.8367,-79.9342,75.49,57,20,3.44
472,Ponta Delgada,PT,2021-10-21 16:44:51,37.7333,-25.6667,70.52,68,20,4.61
473,Lingao,CN,2021-10-21 16:44:52,19.9103,109.6859,70.74,92,100,14.27
474,Kysyl-Syr,RU,2021-10-21 16:44:52,63.8986,122.7617,37.15,97,100,10.89
475,Catamarca,AR,2021-10-21 16:44:53,-28.4696,-65.7852,91.78,29,0,8.01
476,Lure,FR,2021-10-21 16:44:53,47.75,6.5,56.57,62,0,12.66
477,Charcas,MX,2021-10-21 16:44:54,23.1333,-101.1167,67.8,51,29,9.06
478,Vardo,NO,2021-10-21 16:42:51,70.3705,31.1107,35.58,87,75,32.21
479,Imbituba,BR,2021-10-21 16:44:54,-28.24,-48.6703,73.29,63,18,16.15
480,Kudahuvadhoo,MV,2021-10-21 16:44:55,2.6708,72.8944,82.18,69,24,10.67
481,Lanzhou,CN,2021-10-21 16:44:55,36.0564,103.7922,40.28,56,83,1.48
482,Vilyuysk,RU,2021-10-21 16:44:56,63.7553,121.6247,38.03,91,100,12.91
483,Moshi,TZ,2021-10-21 16:44:56,-3.35,37.3333,79.38,64,88,8.88
484,Geelong,AU,2021-10-21 16:41:55,-38.1471,144.3607,63.82,89,80,4.0
485,Rafraf,TN,2021-10-21 16:44:57,37.1904,10.1837,79.11,66,3,3.83
486,Moussoro,TD,2021-10-21 16:44:58,13.6408,16.4901,91.98,33,100,6.71
487,Neuquen,AR,2021-10-21 16:41:28,-38.9516,-68.0591,73.29,31,0,8.05
488,Olinda,BR,2021-10-21 16:44:58,-8.0089,-34.8553,85.73,66,40,10.36
489,Satipo,PE,2021-10-21 16:44:59,-11.2522,-74.6386,93.43,38,20,2.1
490,Voh,NC,2021-10-21 16:45:00,-20.9667,164.7,67.98,91,100,3.38
491,Vryburg,ZA,2021-10-21 16:45:00,-26.9566,24.7284,74.86,30,100,8.32
492,Tsumeb,NA,2021-10-21 16:40:24,-19.2333,17.7167,80.15,30,69,8.86
493,Diamantino,BR,2021-10-21 16:45:01,-14.4086,-56.4461,91.76,44,69,1.5
494,Bowling Green,US,2021-10-21 16:40:19,36.9903,-86.4436,72.91,82,90,9.22
495,Cam Ranh,VN,2021-10-21 16:45:02,11.9214,109.1591,78.76,94,40,2.3
496,Deputatskiy,RU,2021-10-21 16:45:03,69.3,139.9,-0.62,99,100,3.2
497,Turukhansk,RU,2021-10-21 16:45:04,65.8167,87.9833,35.98,89,100,11.79
498,Waingapu,ID,2021-10-21 16:45:05,-9.6567,120.2641,79.79,79,75,3.67
499,Hede,CN,2021-10-21 16:45:05,33.7681,120.2517,49.86,79,60,6.76
500,Fukue,JP,2021-10-21 16:45:07,32.6881,128.8419,65.44,60,100,20.4
501,Safaga,EG,2021-10-21 16:45:07,26.7292,33.9365,78.75,41,4,17.63
502,Santa Maria,BR,2021-10-21 16:45:08,-29.6842,-53.8069,76.3,53,20,4.61
503,Lasa,IT,2021-10-21 16:45:08,46.6166,10.7002,54.01,89,98,3.47
504,Xique-Xique,BR,2021-10-21 16:45:09,-10.8218,-42.7263,89.53,47,51,7.67
505,Atbasar,KZ,2021-10-21 16:45:10,51.8,68.3333,33.91,82,96,16.15
506,Glushkovo,RU,2021-10-21 16:45:10,51.3392,34.6328,56.19,61,95,20.96
507,Sangar,RU,2021-10-21 16:45:11,63.9242,127.4739,20.89,95,100,10.09
508,Aripuana,BR,2021-10-21 16:45:11,-9.1667,-60.6333,96.44,39,70,3.4
509,Bereda,ES,2021-10-21 16:45:12,43.2686,-7.5406,60.01,76,74,3.67
510,Sassandra,CI,2021-10-21 16:45:13,4.95,-6.0833,80.37,79,100,8.21
511,Tupik,RU,2021-10-21 16:45:13,54.4253,119.9327,30.29,73,18,3.27
512,Aquiraz,BR,2021-10-21 16:45:14,-3.9014,-38.3911,89.22,57,57,11.23
513,Santa,PH,2021-10-21 16:45:14,17.486,120.4348,77.45,88,10,3.53
514,Richmond,US,2021-10-21 16:43:53,37.5538,-77.4603,76.24,51,20,3.0
515,Brora,GB,2021-10-21 16:45:15,58.0099,-3.8518,48.43,74,100,25.77
516,Jalu,LY,2021-10-21 16:45:15,29.0331,21.5482,76.5,36,0,9.22
517,Freeport,US,2021-10-21 16:42:44,40.6576,-73.5832,77.38,50,1,1.01
518,Rognan,NO,2021-10-21 16:45:16,67.0953,15.3878,36.88,70,100,9.15
519,Havoysund,NO,2021-10-21 16:45:17,70.9963,24.6622,37.63,77,100,28.16
520,Borovoy,RU,2021-10-21 16:45:17,55.4333,86.0833,49.28,43,0,6.71
521,Mahuva,IN,2021-10-21 16:45:18,21.0914,71.7622,79.38,64,3,7.99
522,Teya,RU,2021-10-21 16:45:19,60.3778,92.6267,35.01,87,81,5.01
523,Dunnville,CA,2021-10-21 16:45:19,42.9001,-79.6163,67.1,71,100,20.36
524,Kataysk,RU,2021-10-21 16:45:20,56.289,62.5841,27.1,85,21,7.25
525,Yilan,TW,2021-10-21 16:45:20,24.757,121.753,73.36,99,100,4.25
526,Folldal,NO,2021-10-21 16:45:21,62.1325,9.9968,30.45,74,91,21.12
527,Kidal,ML,2021-10-21 16:45:21,18.4411,1.4078,95.05,14,2,9.75
528,Yining,CN,2021-10-21 16:45:22,29.0361,114.5636,50.43,94,97,0.78
529,Flinders,AU,2021-10-21 16:45:22,-34.5833,150.8552,64.18,84,99,1.01
530,Hambantota,LK,2021-10-21 16:45:23,6.1241,81.1185,80.1,84,48,11.27
531,Lucapa,AO,2021-10-21 16:45:23,-8.4192,20.7447,74.16,75,100,4.61
532,Inverness,GB,2021-10-21 16:45:24,57.4791,-4.224,46.38,78,40,5.01
533,Gemena,CD,2021-10-21 16:45:25,3.25,19.7667,71.73,98,83,2.86
534,Mandiana,GN,2021-10-21 16:45:25,10.6333,-8.6833,83.32,68,98,0.94
535,Hearst,CA,2021-10-21 16:45:26,49.6835,-83.6665,34.05,55,70,6.64
536,Mabaruma,GY,2021-10-21 16:45:26,8.2,-59.7833,80.11,92,100,7.23
537,Luganville,VU,2021-10-21 16:45:27,-15.5333,167.1667,74.86,94,97,9.24
538,Puqi,CN,2021-10-21 16:45:27,29.7167,113.8833,53.78,80,93,0.89
539,Wonthaggi,AU,2021-10-21 16:45:28,-38.6044,145.5913,60.44,81,80,3.76
540,Ulaanbaatar,MN,2021-10-21 16:45:28,47.9077,106.8832,15.93,79,0,0.0
541,Doka,SD,2021-10-21 16:45:28,13.5167,35.7667,83.17,37,81,2.53
542,Sarangani,PH,2021-10-21 16:45:29,5.4033,125.4636,83.19,73,100,4.34
543,Takoradi,GH,2021-10-21 16:45:30,4.8845,-1.7554,78.13,87,93,8.88
544,Jacmel,HT,2021-10-21 16:45:30,18.2342,-72.5347,89.44,69,42,6.2
545,Nuuk,GL,2021-10-21 16:40:52,64.1835,-51.7216,30.81,86,40,9.22
546,Oyem,GA,2021-10-21 16:45:31,1.5995,11.5793,70.9,89,78,1.43
547,Charters Towers,AU,2021-10-21 16:45:32,-20.1,146.2667,71.82,88,81,9.64
548,Hasaki,JP,2021-10-21 16:45:32,35.7333,140.8333,57.6,65,91,12.44
549,Oxford,GB,2021-10-21 16:45:08,51.7522,-1.256,52.03,64,20,5.75
550,Vuktyl,RU,2021-10-21 16:43:54,63.8567,57.3094,29.62,89,100,15.61
551,Xifeng,CN,2021-10-21 16:45:33,42.7372,124.7222,37.65,56,69,1.74
552,Husavik,IS,2021-10-21 16:45:34,66.0449,-17.3389,35.51,70,29,13.42
553,Yar-Sale,RU,2021-10-21 16:45:34,66.8333,70.8333,28.76,91,24,5.99
554,Natitingou,BJ,2021-10-21 16:45:36,10.3042,1.3796,86.05,58,42,4.61
555,Ketchikan,US,2021-10-21 16:42:33,55.3422,-131.6461,46.87,93,90,5.75
556,Arcata,US,2021-10-21 16:44:10,40.8665,-124.0828,68.36,69,90,1.99
557,Grindavik,IS,2021-10-21 16:45:37,63.8424,-22.4338,45.07,81,75,4.61
558,Neiafu,TO,2021-10-21 16:45:37,-18.65,-173.9833,75.88,78,40,6.91
559,Batouri,CM,2021-10-21 16:45:38,4.4333,14.3667,69.84,97,90,2.13
560,Shingu,JP,2021-10-21 16:43:04,33.7333,135.9833,54.19,81,100,5.17
561,Alice Springs,AU,2021-10-21 16:41:56,-23.7,133.8833,67.55,32,0,0.0
562,Banff,CA,2021-10-21 16:45:08,51.1762,-115.5698,49.91,70,80,5.75
563,Zhezkazgan,KZ,2021-10-21 16:45:39,47.8043,67.7144,34.9,89,95,13.35
564,Port-Gentil,GA,2021-10-21 16:45:39,-0.7193,8.7815,80.56,78,75,14.97
565,Pringsewu,ID,2021-10-21 16:45:40,-5.3582,104.9744,74.73,94,100,2.84
566,Cahul,MD,2021-10-21 16:45:40,45.9075,28.1944,59.22,53,21,13.69
567,Innisfail,AU,2021-10-21 16:45:41,-17.5333,146.0333,74.35,91,83,3.96
568,Linares,CL,2021-10-21 16:45:41,-35.85,-71.6,70.74,45,100,7.45
569,Andenes,NO,2021-10-21 16:45:42,69.3143,16.1194,36.07,64,75,29.93
570,Trapani,IT,2021-10-21 16:45:42,37.8333,12.6667,73.49,73,20,14.97
571,Ponce,PR,2021-10-21 16:42:30,18.073,-66.6185,88.88,68,13,9.4
572,Laguna,US,2021-10-21 16:45:43,38.421,-121.4238,67.64,93,90,0.0
573,Lovington,US,2021-10-21 16:45:44,32.944,-103.3485,69.03,65,78,8.97
